<?xml version="1.0" encoding="UTF-8"?>
<project-private xmlns="http://www.netbeans.org/ns/project-private/1">
    <editor-bookmarks xmlns="http://www.netbeans.org/ns/editor-bookmarks/2" lastBookmarkId="0"/>
    <open-files xmlns="http://www.netbeans.org/ns/projectui-open-files/2">
        <group>
            <file>file:/D:/Works/Internal_Java_Projects/NDBGCSMS/web/Jsp/CrossSellingModule/CrossSellingManagement.jsp</file>
            <file>file:/D:/Works/Internal_Java_Projects/NDBGCSMS/src/java/gcsm/RewardsHandling/DAO/Impl/CalculateRewardsDAOImpl.java</file>
        </group>
    </open-files>
</project-private>
